{
  "minecraft:recipes/redstone/stone_button": {
    "criteria": {
      "has_stone": "2018-12-18 01:01:02 -0800"
    },
    "done": true
  },
  "minecraft:recipes/building_blocks/stonebrick": {
    "criteria": {
      "has_stone": "2018-12-18 01:01:02 -0800"
    },
    "done": true
  },
  "minecraft:recipes/building_blocks/stone_slab": {
    "criteria": {
      "has_stone": "2018-12-18 01:01:02 -0800"
    },
    "done": true
  },
  "minecraft:recipes/redstone/stone_pressure_plate": {
    "criteria": {
      "has_stone": "2018-12-18 01:01:02 -0800"
    },
    "done": true
  },
  "minecraft:adventure/adventuring_time": {
    "criteria": {
      "extreme_hills_with_trees": "2018-12-18 01:00:08 -0800",
      "extreme_hills": "2018-12-18 01:00:45 -0800"
    },
    "done": false
  }
}